{
  "epochs": [
    1,
    2,
    3,
    4,
    5,
    6,
    7,
    8,
    9,
    10,
    11,
    12,
    13,
    14,
    15,
    16,
    17,
    18,
    19,
    20,
    21,
    22,
    23,
    24,
    25,
    26,
    27,
    28,
    29,
    30,
    31,
    32,
    33,
    34,
    35,
    36,
    37,
    38,
    39,
    40
  ],
  "train_loss": [
    0.6919498332341512,
    0.6683617035547892,
    0.6403641327222188,
    0.5793619720141093,
    0.5263956697781881,
    0.48774944146474203,
    0.44908818244934084,
    0.41552682518959044,
    0.3801021067301432,
    0.37721972266832987,
    0.340301558971405,
    0.3157770961523056,
    0.29930927872657775,
    0.2718748434384664,
    0.26044293244679767,
    0.24231554428736368,
    0.22564930856227874,
    0.21027002771695455,
    0.20304505666097006,
    0.19159945070743561,
    0.1852422696352005,
    0.17954396883646648,
    0.1669463316599528,
    0.16505836059649787,
    0.14997164090474446,
    0.12557510405778885,
    0.14083191047112148,
    0.12788139979044597,
    0.1193485959370931,
    0.10202076703310013,
    0.09369630336761475,
    0.0923217789332072,
    0.08474405527114869,
    0.08794058561325073,
    0.07522106354435285,
    0.07909884671370189,
    0.07261613498131435,
    0.07214962055285772,
    0.06665337070822716,
    0.06030428896347682
  ],
  "val_loss": [
    0.6783523559570312,
    0.6564520001411438,
    0.6024112701416016,
    0.5391104221343994,
    0.5069298148155212,
    0.46858084201812744,
    0.44072386622428894,
    0.43175822496414185,
    0.40222108364105225,
    0.42748403549194336,
    0.3848225772380829,
    0.3799245059490204,
    0.3643130660057068,
    0.39642709493637085,
    0.36676138639450073,
    0.36057591438293457,
    0.345702588558197,
    0.3503265380859375,
    0.3454144299030304,
    0.39697495102882385,
    0.3795988857746124,
    0.41948574781417847,
    0.35151204466819763,
    0.37491968274116516,
    0.34516507387161255,
    0.3552812337875366,
    0.4400300681591034,
    0.3508179187774658,
    0.3637723922729492,
    0.3584429621696472,
    0.361172080039978,
    0.36251190304756165,
    0.3678855001926422,
    0.3804446756839752,
    0.3789273500442505,
    0.36878764629364014,
    0.37539246678352356,
    0.42743784189224243,
    0.39780527353286743,
    0.42145296931266785
  ],
  "train_accuracy": [
    0.5225,
    0.62,
    0.6475,
    0.7379166666666667,
    0.7570833333333333,
    0.7875,
    0.8175,
    0.8291666666666667,
    0.845,
    0.8379166666666666,
    0.8670833333333333,
    0.88375,
    0.8879166666666667,
    0.90375,
    0.9041666666666667,
    0.91875,
    0.9275,
    0.9275,
    0.9316666666666666,
    0.9341666666666667,
    0.9379166666666666,
    0.93875,
    0.94375,
    0.9458333333333333,
    0.9520833333333333,
    0.9695833333333334,
    0.9533333333333334,
    0.9629166666666666,
    0.9691666666666666,
    0.97625,
    0.9808333333333333,
    0.9795833333333334,
    0.9804166666666667,
    0.97875,
    0.9845833333333334,
    0.9854166666666667,
    0.9841666666666666,
    0.9833333333333333,
    0.98375,
    0.9891666666666666
  ],
  "val_accuracy": [
    0.5400000214576721,
    0.5366666913032532,
    0.7516666650772095,
    0.7649999856948853,
    0.7566666603088379,
    0.7950000166893005,
    0.8133333325386047,
    0.8183333277702332,
    0.8316666483879089,
    0.800000011920929,
    0.8399999737739563,
    0.8450000286102295,
    0.846666693687439,
    0.8233333230018616,
    0.8399999737739563,
    0.8550000190734863,
    0.8583333492279053,
    0.8483333587646484,
    0.8516666889190674,
    0.8399999737739563,
    0.8516666889190674,
    0.8349999785423279,
    0.8433333039283752,
    0.8399999737739563,
    0.8500000238418579,
    0.8550000190734863,
    0.8316666483879089,
    0.8566666841506958,
    0.8550000190734863,
    0.8566666841506958,
    0.8566666841506958,
    0.8566666841506958,
    0.8500000238418579,
    0.8416666388511658,
    0.8550000190734863,
    0.8500000238418579,
    0.8500000238418579,
    0.8316666483879089,
    0.8383333086967468,
    0.8533333539962769
  ]
}