{
  "epochs": [
    1,
    2,
    3,
    4,
    5,
    6,
    7,
    8,
    9,
    10,
    11,
    12,
    13,
    14,
    15,
    16,
    17,
    18,
    19,
    20,
    21,
    22,
    23,
    24,
    25,
    26,
    27,
    28,
    29,
    30,
    31,
    32,
    33,
    34,
    35,
    36,
    37,
    38,
    39,
    40,
    41,
    42,
    43,
    44,
    45,
    46,
    47,
    48,
    49,
    50,
    51,
    52,
    53,
    54,
    55,
    56,
    57,
    58,
    59,
    60,
    61,
    62,
    63,
    64,
    65,
    66,
    67,
    68,
    69,
    70,
    71,
    72,
    73,
    74,
    75,
    76,
    77,
    78,
    79,
    80,
    81,
    82,
    83,
    84,
    85,
    86,
    87,
    88,
    89,
    90,
    91,
    92,
    93,
    94,
    95,
    96,
    97,
    98,
    99,
    100
  ],
  "train_loss": [
    1.092902421951294,
    1.0907068252563477,
    1.0855756998062134,
    1.080694556236267,
    1.073456048965454,
    1.0696104764938354,
    1.0649079084396362,
    1.0593758821487427,
    1.0530797243118286,
    1.0486332178115845,
    1.0424525737762451,
    1.039404273033142,
    1.0349618196487427,
    1.0262346267700195,
    1.0246566534042358,
    1.0167049169540405,
    1.0117679834365845,
    1.0033766031265259,
    1.000286340713501,
    0.9919228553771973,
    0.9832189679145813,
    0.9790165424346924,
    0.9728441834449768,
    0.9660745859146118,
    0.9576238393783569,
    0.945478081703186,
    0.9418811202049255,
    0.934712827205658,
    0.9208956360816956,
    0.9123145341873169,
    0.9083043932914734,
    0.8988251686096191,
    0.8860776424407959,
    0.8782058954238892,
    0.8694816827774048,
    0.8538424968719482,
    0.8406625390052795,
    0.8319922089576721,
    0.8245072960853577,
    0.8120795488357544,
    0.8010891675949097,
    0.7813595533370972,
    0.7775290608406067,
    0.7597483992576599,
    0.7449334859848022,
    0.7320556044578552,
    0.7101514935493469,
    0.6959649920463562,
    0.6891838908195496,
    0.6715710163116455,
    0.6653967499732971,
    0.646187424659729,
    0.6306015849113464,
    0.6208202242851257,
    0.592963457107544,
    0.5849930047988892,
    0.572260320186615,
    0.5446960926055908,
    0.5407165884971619,
    0.5280967354774475,
    0.5126291513442993,
    0.4960571527481079,
    0.4767674505710602,
    0.4612228274345398,
    0.46422886848449707,
    0.4419899880886078,
    0.425999253988266,
    0.40843498706817627,
    0.3990020453929901,
    0.3882153332233429,
    0.37269917130470276,
    0.3665775954723358,
    0.34392035007476807,
    0.3481908142566681,
    0.32592687010765076,
    0.3285102844238281,
    0.32192695140838623,
    0.3044598698616028,
    0.28967875242233276,
    0.2747076153755188,
    0.28685465455055237,
    0.2637690007686615,
    0.24663084745407104,
    0.23512473702430725,
    0.22695256769657135,
    0.2416699230670929,
    0.2226056605577469,
    0.21516603231430054,
    0.2051836997270584,
    0.19113321602344513,
    0.20145273208618164,
    0.17965580523014069,
    0.17874392867088318,
    0.18170246481895447,
    0.16341422498226166,
    0.16433264315128326,
    0.1484757959842682,
    0.16257129609584808,
    0.1536923050880432,
    0.1545170396566391
  ],
  "val_loss": [
    1.0906939506530762,
    1.08570396900177,
    1.0807586908340454,
    1.0757856369018555,
    1.0708143711090088,
    1.0659220218658447,
    1.061061143875122,
    1.0562217235565186,
    1.0513440370559692,
    1.0463050603866577,
    1.0412330627441406,
    1.03604257106781,
    1.0306825637817383,
    1.0252326726913452,
    1.0196630954742432,
    1.0140398740768433,
    1.008220911026001,
    1.0022791624069214,
    0.9962014555931091,
    0.9899418354034424,
    0.9835259318351746,
    0.9768794775009155,
    0.9699394702911377,
    0.9627604484558105,
    0.9552603960037231,
    0.9474623203277588,
    0.9393267035484314,
    0.9308330416679382,
    0.9220353960990906,
    0.9128791093826294,
    0.9032887816429138,
    0.8933334946632385,
    0.8830535411834717,
    0.8722570538520813,
    0.8610455393791199,
    0.8495807647705078,
    0.8377276659011841,
    0.825498104095459,
    0.8130401372909546,
    0.8004006147384644,
    0.7875816226005554,
    0.7744925022125244,
    0.7612857222557068,
    0.7478601336479187,
    0.7342836856842041,
    0.7206066250801086,
    0.7067135572433472,
    0.6927382946014404,
    0.6786463856697083,
    0.6643692255020142,
    0.6499616503715515,
    0.6355366706848145,
    0.6211547255516052,
    0.6067182421684265,
    0.5921152234077454,
    0.5773614048957825,
    0.56258225440979,
    0.5478171706199646,
    0.5331004858016968,
    0.5184381008148193,
    0.5038779973983765,
    0.4895794689655304,
    0.4754461944103241,
    0.4615010917186737,
    0.44783157110214233,
    0.4343753159046173,
    0.42110878229141235,
    0.40834560990333557,
    0.39588889479637146,
    0.38392022252082825,
    0.37223494052886963,
    0.36077865958213806,
    0.3493637144565582,
    0.338364839553833,
    0.3278180956840515,
    0.31753861904144287,
    0.30762046575546265,
    0.29796209931373596,
    0.2885742485523224,
    0.2794623076915741,
    0.27062615752220154,
    0.26209795475006104,
    0.25386202335357666,
    0.24578449130058289,
    0.2383061647415161,
    0.2311071753501892,
    0.2243574857711792,
    0.21774700284004211,
    0.2114221602678299,
    0.2052939087152481,
    0.1994880735874176,
    0.19363504648208618,
    0.1876407265663147,
    0.18178445100784302,
    0.17590080201625824,
    0.17006181180477142,
    0.16487503051757812,
    0.1598864197731018,
    0.1553276777267456,
    0.1512211561203003
  ],
  "train_accuracy": [
    0.3174999952316284,
    0.3174999952316284,
    0.32749998569488525,
    0.33500000834465027,
    0.36500000953674316,
    0.3499999940395355,
    0.39500001072883606,
    0.42750000953674316,
    0.48249998688697815,
    0.5400000214576721,
    0.5774999856948853,
    0.6150000095367432,
    0.6274999976158142,
    0.625,
    0.625,
    0.6474999785423279,
    0.6274999976158142,
    0.6449999809265137,
    0.6324999928474426,
    0.6200000047683716,
    0.6299999952316284,
    0.625,
    0.625,
    0.6100000143051147,
    0.6225000023841858,
    0.6075000166893005,
    0.6175000071525574,
    0.612500011920929,
    0.6449999809265137,
    0.6449999809265137,
    0.625,
    0.625,
    0.6524999737739563,
    0.6449999809265137,
    0.6474999785423279,
    0.675000011920929,
    0.6600000262260437,
    0.6675000190734863,
    0.675000011920929,
    0.675000011920929,
    0.6924999952316284,
    0.6875,
    0.6949999928474426,
    0.7174999713897705,
    0.7124999761581421,
    0.737500011920929,
    0.7599999904632568,
    0.762499988079071,
    0.7875000238418579,
    0.7825000286102295,
    0.8075000047683716,
    0.8125,
    0.8299999833106995,
    0.8100000023841858,
    0.8675000071525574,
    0.887499988079071,
    0.8774999976158142,
    0.8974999785423279,
    0.9100000262260437,
    0.9200000166893005,
    0.9049999713897705,
    0.9175000190734863,
    0.9375,
    0.949999988079071,
    0.9150000214576721,
    0.9474999904632568,
    0.9474999904632568,
    0.9649999737739563,
    0.9474999904632568,
    0.9700000286102295,
    0.9599999785423279,
    0.9350000023841858,
    0.9750000238418579,
    0.9399999976158142,
    0.9649999737739563,
    0.9624999761581421,
    0.9524999856948853,
    0.9649999737739563,
    0.9700000286102295,
    0.9674999713897705,
    0.9524999856948853,
    0.9574999809265137,
    0.9775000214576721,
    0.9800000190734863,
    0.9750000238418579,
    0.9599999785423279,
    0.9649999737739563,
    0.9775000214576721,
    0.9800000190734863,
    0.9775000214576721,
    0.9700000286102295,
    0.9825000166893005,
    0.9700000286102295,
    0.9599999785423279,
    0.9750000238418579,
    0.9700000286102295,
    0.9850000143051147,
    0.9700000286102295,
    0.9800000190734863,
    0.9725000262260437
  ],